dogBreed,dCountry,dLon,dLat,catBreed,cCountry,cLon,cLat
Affenpinscher,France,46.227638,2.213749,"Russian White, Black, and Tabby",Australia,-25.274398,133.775136
Affenpinscher,Germany,51.165691,10.451526,Brazilian Shorthair,Brazil,-14.235004,-51.92528
Afghan Hound,Afghanistan,33.93911,67.709953,Burmese,Myanmar,96.093292,21.95451
Airedale Terrier,United Kingdom,55.378051,-3.435973,Cymric,Canada,56.130366,-106.346771
Akita,Japan,36.204824,138.252924,Foldex,Canada,56.130366,-106.346771
Alaskan Malamute,United States,37.09024,-95.712891,Sphynx,Canada,56.130366,-106.346771
Alpine Dachsbracke,Austria,47.516231,14.550072,Tonkinese,Canada,56.130366,-106.346771
American Akita,United States,37.09024,-95.712891,Cyprus,Cyprus,35.126413,33.429859
American Cocker Spaniel,United States,37.09024,-95.712891,Egyptian Mau,Egypt,26.820553,30.802498
American Foxhound,United States,37.09024,-95.712891,Cornish Rex,United Kingdom,55.378051,-3.435973
American Staffordshire Terrier,United States,37.09024,-95.712891,Devon Rex,United Kingdom,55.378051,-3.435973
American Water Spaniel,United States,37.09024,-95.712891,Abyssinian,Ethiopia,9.145,40.489673
Anatolian Shepherd Dog,Turkey,38.963745,35.243322,Siamese (modern),Europe,55.378051,-3.435973
Andalusian Hound,Spain,40.463667,-3.74922,European Shorthair,Finland,61.92411,25.748151
Anglo-Français de Petite Vénerie,France,46.227638,2.213749,Birman,France,46.227638,2.213749
Appenzeller Sennenhund,Switzerland,46.818188,8.227512,Chartreux,France,46.227638,2.213749
Argentine Polar Dog,Argentina ,-38.416097,-63.616672,Chausie,France,46.227638,2.213749
Ariegeois,France,46.227638,2.213749,German Rex,Germany,51.165691,10.451526
Armant,Egypt,26.820553,30.802498,Aegean,Greece,39.074208,21.824312
Armenian Gampr dog,Armenia,40.069099,45.038189,Persian (traditional),Iran,32.427908,53.688046
Artois Hound,France,46.227638,2.213749,Manx,Isle of Man,-4.482,54.145
Australian Cattle Dog,Australia,-25.274398,133.775136,Japanese Bobtail,Japan,36.204824,138.252924
Australian Kelpie,Australia,-25.274398,133.775136,Kurilian Bobtail,Japan,36.204824,138.252924
Australian Shepherd,United States,37.09024,-95.712891,Kurilian Bobtail,Japan,36.204824,138.252924
Australian Stumpy Tail Cattle ,Australia,-25.274398,133.775136,Sokoke,Kenya,-0.023559,37.906193
Australian Terrier,Australia,-25.274398,133.775136,Norwegian Forest Cat,Norway,60.472024,8.468946
Austrian Black and Tan Hound,Austria,47.516231,14.550072,Karelian Bobtail,Russia,61.52401,105.318756
Austrian Pinscher,Austria,47.516231,14.550072,Mekong Bobtail,Russia,61.52401,105.318756
Azawakh,Mali,17.570692,-3.996166,Russian Blue,Russia,61.52401,105.318756
Bakharwal dog,India,20.593684,78.96288,Siberian,Russia,61.52401,105.318756
Barbado da Terceira ,Portugal ,39.399872,-8.224454,Scottish Fold,Scotland,-4.162926,56.913689
Barbet,France,46.227638,2.213749,Somali,Somalia,45.302026,2.046504
Basenji,Congo(Republic),-0.228021,15.827659,Khao Manee,Thailand,15.870032,100.992541
Basque Shepherd Dog,Spain,40.463667,-3.74922,Korat,Thailand,15.870032,100.992541
Basset Artésien Normand,France,46.227638,2.213749,Siamese (traditional),Thailand,15.870032,100.992541
Basset Bleu de Gascogne,France,46.227638,2.213749,Turkish Angora,Turkey,38.963745,35.243322
Basset Fauve de Bretagne,France,46.227638,2.213749,Turkish Van,Turkey,38.963745,35.243322
Basset Hound,France,46.227638,2.213749,British Longhair,United Kingdom,55.378051,-3.435973
Bavarian Mountain Hound,Germany,51.165691,10.451526,British Shorthair,United Kingdom,55.378051,-3.435973
Beagle,United Kingdom,55.378051,-3.435973,Burmilla,United Kingdom,55.378051,-3.435973
Beagle-Harrier,France,46.227638,2.213749,Havana Brown,United Kingdom,55.378051,-3.435973
Bearded Collie,Scotland,57.167212,-4.301964,Himalayan,United Kingdom,55.378051,-3.435973
Beauceron,France,46.227638,2.213749,American Bobtail,United States,37.09024,-95.712891
Bedlington Terrier,United Kingdom,55.378051,-3.435973,American Curl,United States,37.09024,-95.712891
Belgian Shepherd Dog (Groenendael),Belgium,50.503887,4.469936,American Shorthair,United States,37.09024,-95.712891
Belgian Shepherd Dog (Laekenois),Belgium,50.503887,4.469936,American Wirehair,United States,37.09024,-95.712891
Belgian Shepherd Dog (Malinois),Belgium,50.503887,4.469936,Balinese,United States,37.09024,-95.712891
Belgian Shepherd Dog (Tervuren),Belgium,50.503887,4.469936,Bengal,United States,37.09024,-95.712891
Bergamasco Shepherd,Italy,41.87194,12.56738,Bombay,United States,37.09024,-95.712891
Berger Blanc Suisse,Switzerland,46.818188,8.227512,California Spangled,United States,37.09024,-95.712891
Berger Picard,France,46.227638,2.213749,Chantilly-Tiffany,United States,37.09024,-95.712891
Bernese Mountain Dog,Switzerland,46.818188,8.227512,Exotic Shorthair,United States,37.09024,-95.712891
Bichon Frisé,Spain,40.463667,-3.74922,Javanese,United States,37.09024,-95.712891
Billy,France,46.227638,2.213749,LaPerm,United States,37.09024,-95.712891
Black and Tan Coonhound,United States,37.09024,-95.712891,Lykoi,United States,37.09024,-95.712891
Black and Tan Virginia Foxhound,United States,37.09024,-95.712891,Maine Coon,United States,37.09024,-95.712891
Black Mouth Cur,United States,37.09024,-95.712891,Minskin,United States,37.09024,-95.712891
Black Norwegian Elkhound,Norway,60.472024,8.468946,Munchkin,United States,37.09024,-95.712891
Black Russian Terrier,Russia,61.52401,105.318756,Nebelung,United States,37.09024,-95.712891
Bloodhound,Belgium,50.503887,4.469936,Ocicat,United States,37.09024,-95.712891
Bloodhound,France,46.227638,2.213749,Ojos Azules,United States,37.09024,-95.712891
Blue Heeler,Australia,-25.274398,133.775136,Oregon Rex,United States,37.09024,-95.712891
Blue Lacy,United States,37.09024,-95.712891,Pixie-bob,United States,37.09024,-95.712891
Blue Paul Terrier,Scotland,57.167212,-4.301964,Ragamuffin,United States,37.09024,-95.712891
Blue Picardy Spaniel,France,46.227638,2.213749,Savannah,United States,37.09024,-95.712891
Bluetick Coonhound,United States,37.09024,-95.712891,Selkirk Rex,United States,37.09024,-95.712891
Boerboel,South Africa,-30.559482,22.937506,Serengeti,United States,37.09024,-95.712891
Bohemian Shepherd,Czech Republic,49.817492,15.472962,Siamese (modern),United States,37.09024,-95.712891
Bolognese,Italy,41.87194,12.56738,Singapura,United States,37.09024,-95.712891
Border Collie,United Kingdom,55.378051,-3.435973,Snowshoe,United States,37.09024,-95.712891
Border Terrier,United Kingdom,55.378051,-3.435973,York Chocolate,United States,37.09024,-95.712891
Borzoi,Russia,61.52401,105.318756,,,,
Bosnian Coarse-haired Hound,Bosnia and Herzegovina,43.915886,17.679076,,,,
Boston Terrier,United States,37.09024,-95.712891,,,,
Bouvier des Ardennes,Belgium,50.503887,4.469936,,,,
Bouvier des Flandres,Belgium,50.503887,4.469936,,,,
Boxer,Germany,51.165691,10.451526,,,,
Boykin Spaniel,United States,37.09024,-95.712891,,,,
Bracco Italiano,Italy,41.87194,12.56738,,,,
Braque d'Auvergne,France,46.227638,2.213749,,,,
Braque de l'Ariege,France,46.227638,2.213749,,,,
Braque du Bourbonnais,France,46.227638,2.213749,,,,
Braque du Puy,France,46.227638,2.213749,,,,
Braque Francais,France,46.227638,2.213749,,,,
Braque Saint-Germain,France,46.227638,2.213749,,,,
Brazilian Dogo,Brazil,-14.235004,-51.92528,,,,
Brazilian Terrier,Brazil,-14.235004,-51.92528,,,,
Briard,France,46.227638,2.213749,,,,
Briquet Griffon Vendéen,France,46.227638,2.213749,,,,
Brittany,France,46.227638,2.213749,,,,
Broholmer,Denmark,56.26392,9.501785,,,,
Bruno Jura Hound,France,46.227638,2.213749,,,,
Bruno Jura Hound,Switzerland,46.818188,8.227512,,,,
Brussels Griffon,Belgium,50.503887,4.469936,,,,
Bucovina Shepherd Dog,Romania,45.943161,24.96676,,,,
Bull Terrier,United Kingdom,55.378051,-3.435973,,,,
Bulldog,United Kingdom,55.378051,-3.435973,,,,
Bullenbeisser,Germany,51.165691,10.451526,,,,
Bullmastiff,United Kingdom,55.378051,-3.435973,,,,
Bully Kutta,India,20.593684,78.96288,,,,
Bully Kutta,Pakistan,30.375321,69.345116,,,,
Burgos Pointer,Spain,40.463667,-3.74922,,,,
Cairn Terrier,Scotland,57.167212,-4.301964,,,,
Canaan Dog,Israel,,,,,,
Canadian Eskimo Dog,Canada,56.130366,-106.346771,,,,
Cane Corso,Italy,41.87194,12.56738,,,,
Cantabrian Water Dog,Spain,40.463667,-3.74922,,,,
Cão da Serra de Aires,Portugal,39.399872,-8.224454,,,,
Cão de Castro Laboreiro,Portugal,39.399872,-8.224454,,,,
Cão de Gado Transmontano,Portugal,39.399872,-8.224454,,,,
Cão Fila de São Miguel,Portugal,39.399872,-8.224454,,,,
Carolina Dog,United States,37.09024,-95.712891,,,,
Carpathian Shepherd Dog,Romania,45.943161,24.96676,,,,
Catalan Sheepdog,Spain,40.463667,-3.74922,,,,
Caucasian Shepherd Dog,Georgia,42.315407,43.356892,,,,
Cavalier King Charles Spaniel,United Kingdom,55.378051,-3.435973,,,,
Central Asian Shepherd Dog,Russia,61.52401,105.318756,,,,
Cesky Fousek,Czech Republic,49.817492,15.472962,,,,
Cesky Terrier,Czech Republic,49.817492,15.472962,,,,
Chesapeake Bay Retriever,United States,37.09024,-95.712891,,,,
Chien Français Blanc et Noir,France,46.227638,2.213749,,,,
Chien Français Blanc et Orange,France,46.227638,2.213749,,,,
Chien Français Tricolore,France,46.227638,2.213749,,,,
Chien-gris,France,46.227638,2.213749,,,,
Chihuahua,Mexico,23.634501,-102.552784,,,,
Chilean Terrier,Chile,-35.675147,-71.542969,,,,
Chinese Chongqing Dog,China,35.86166,104.195397,,,,
Chinese Crested Dog,Central America,13.575425,-85.820149,,,,
Chinese Imperial Dog,China,35.86166,104.195397,,,,
Chinook,United States,37.09024,-95.712891,,,,
Chippiparai,India,20.593684,78.96288,,,,
Chiribaya Dog,Peru ,-9.189967,-75.015152,,,,
Chow Chow,China,35.86166,104.195397,,,,
Cierny Sery,Slovakia,48.669026,19.699024,,,,
Cimarrón Uruguayo,Uruguay,-32.522779,-55.765835,,,,
Cirneco dell'Etna,Italy,41.87194,12.56738,,,,
Clumber Spaniel,United Kingdom,55.378051,-3.435973,,,,
"Collie, Rough",Scotland,57.167212,-4.301964,,,,
"Collie, Smooth",Scotland,57.167212,-4.301964,,,,
Combai,India,20.593684,78.96288,,,,
Cordoba Fighting Dog,Argentina,-38.416097,-63.616672,,,,
Coton de Tulear,Madagascar,-18.766947,46.869107,,,,
Cretan Hound,Greece,39.074208,21.824312,,,,
Croatian Sheepdog,Croatia,45.1,15.2,,,,
Cumberland Sheepdog,United Kingdom,55.378051,-3.435973,,,,
Curly-Coated Retriever,United Kingdom,55.378051,-3.435973,,,,
Cursinu,France,46.227638,2.213749,,,,
Czechoslovakian Wolfdog,Czech Republic,49.817492,15.472962,,,,
Dachshund,Germany,51.165691,10.451526,,,,
Dalbo dog,Sweden ,60.128161,18.643501,,,,
Dalmatian,Croatia,45.1,15.2,,,,
Dandie Dinmont Terrier,Scotland,57.167212,-4.301964,,,,
Danish-Swedish Farmdog,Denmark,56.26392,9.501785,,,,
Danish-Swedish Farmdog,Sweden,60.128161,18.643501,,,,
Deutsche Bracke,Germany,51.165691,10.451526,,,,
Doberman Pinscher,Germany,51.165691,10.451526,,,,
Dogo Argentino,Argentina,-38.416097,-63.616672,,,,
Dogo Cubano,Cuba,21.521757,-77.781167,,,,
Dogue de Bordeaux,France,46.227638,2.213749,,,,
Drentse Patrijshond,Netherlands,52.132633,5.291266,,,,
Drever,Sweden,60.128161,18.643501,,,,
Dunker,Norway,60.472024,8.468946,,,,
Dutch Shepherd,Netherlands,52.132633,5.291266,,,,
Dutch Smoushond,Netherlands,52.132633,5.291266,,,,
East European Shepherd,Russia,61.52401,105.318756,,,,
East Siberian Laika,Russia,61.52401,105.318756,,,,
Elo,Germany,51.165691,10.451526,,,,
English Cocker Spaniel,United Kingdom,55.378051,-3.435973,,,,
English Foxhound,United Kingdom,55.378051,-3.435973,,,,
English Mastiff,United Kingdom,55.378051,-3.435973,,,,
English Pointer,United Kingdom,55.378051,-3.435973,,,,
English Setter,United Kingdom,55.378051,-3.435973,,,,
English Shepherd,United Kingdom,55.378051,-3.435973,,,,
English Springer Spaniel,United Kingdom,55.378051,-3.435973,,,,
English Toy Terrier (Black & Tan),United Kingdom,55.378051,-3.435973,,,,
English Water Spaniel,United Kingdom,55.378051,-3.435973,,,,
English White Terrier,United Kingdom,55.378051,-3.435973,,,,
Entlebucher Mountain Dog,Switzerland,46.818188,8.227512,,,,
Estonian Hound,Estonia,58.595272,25.013607,,,,
Estrela Mountain Dog,Portugal,39.399872,-8.224454,,,,
Eurasier,Germany,51.165691,10.451526,,,,
Eurohound,Scandinavia,63.874334,16.948939,,,,
Field Spaniel,United Kingdom,55.378051,-3.435973,,,,
Fila Brasileiro,Brazil,-14.235004,-51.92528,,,,
Finnish Hound,Finland,61.92411,25.748151,,,,
Finnish Lapphund,Finland,61.92411,25.748151,,,,
Finnish Spitz,Finland,61.92411,25.748151,,,,
Flat-Coated Retriever,United Kingdom,55.378051,-3.435973,,,,
"Fox Terrier, Smooth",United Kingdom,55.378051,-3.435973,,,,
"Fox Terrier, Wire",United Kingdom,55.378051,-3.435973,,,,
French Brittany,France,46.227638,2.213749,,,,
French Bulldog,France,46.227638,2.213749,,,,
French Spaniel,France,46.227638,2.213749,,,,
Gaddi Kutta,India,20.593684,78.96288,,,,
Galgo Español,Spain,40.463667,-3.74922,,,,
Galician Shepherd Dog,Spain,40.463667,-3.74922,,,,
Garafian Shepherd,Spain,40.463667,-3.74922,,,,
Gascon Saintongeois,France,46.227638,2.213749,,,,
Georgian Shepherd,Georgia,42.315407,43.356892,,,,
German Longhaired Pointer,Germany,51.165691,10.451526,,,,
German Pinscher,Germany,51.165691,10.451526,,,,
German Roughhaired Pointer,Germany,51.165691,10.451526,,,,
German Shepherd Dog,Germany,51.165691,10.451526,,,,
German Shorthaired Pointer,Germany,51.165691,10.451526,,,,
German Spaniel,Germany,51.165691,10.451526,,,,
German Spitz,Germany,51.165691,10.451526,,,,
German Wirehaired Pointer,Germany,51.165691,10.451526,,,,
Giant Schnauzer,Germany,51.165691,10.451526,,,,
Glen of Imaal Terrier,Ireland,53.41291,-8.24389,,,,
Golden Retriever,Scotland,57.167212,-4.301964,,,,
Gordon Setter,Scotland,57.167212,-4.301964,,,,
Gran Mastín de Borínquen,Puerto Rico,18.220833,-66.590149,,,,
Grand Anglo-Français Blanc et Noir,France,46.227638,2.213749,,,,
Grand Anglo-Français Blanc et Orange,France,46.227638,2.213749,,,,
Grand Anglo-Français Tricolore,France,46.227638,2.213749,,,,
Grand Basset Griffon Vendéen,France,46.227638,2.213749,,,,
Grand Bleu de Gascogne,France,46.227638,2.213749,,,,
Grand Griffon Vendéen,France,46.227638,2.213749,,,,
Great Dane,Germany,51.165691,10.451526,,,,
Great Pyrenees,France,46.227638,2.213749,,,,
Great Pyrenees,Spain,40.463667,-3.74922,,,,
Greater Swiss Mountain Dog,Switzerland,46.818188,8.227512,,,,
Greek Harehound,Greece,39.074208,21.824312,,,,
Greek Shepherd ,Greece ,39.074208,21.824312,,,,
Greenland Dog,Greenland,71.706936,-42.604303,,,,
Greyhound,Middle East,29.733931,40.293571,,,,
Greyhound,United Kingdom,55.378051,-3.435973,,,,
Griffon Bleu de Gascogne,France,46.227638,2.213749,,,,
Griffon Fauve de Bretagne,France,46.227638,2.213749,,,,
Griffon Nivernais,France,46.227638,2.213749,,,,
Guatemalan Dogo,Guatemala,15.783471,-90.230759,,,,
Gull Terrier,India,20.593684,78.96288,,,,
Gull Terrier,Pakistan,30.375321,69.345116,,,,
Hamiltonstövare,Sweden,60.128161,18.643501,,,,
Hanover Hound,Germany,51.165691,10.451526,,,,
Hare Indian Dog,United States,37.09024,-95.712891,,,,
Harrier,United Kingdom,55.378051,-3.435973,,,,
Havanese,Cuba,21.521757,-77.781167,,,,
Hawaiian Poi Dog,United States,37.09024,-95.712891,,,,
Himalayan Sheepdog,Nepal,28.394857,84.124008,,,,
Hokkaido,Japan,36.204824,138.252924,,,,
Hortaya borzaya,Ukraine,48.379433,31.16558,,,,
Hovawart,Germany,51.165691,10.451526,,,,
Huntaway,New Zealand,-40.900557,174.885971,,,,
Hygen Hound,Norway,60.472024,8.468946,,,,
Ibizan Hound,Spain,40.463667,-3.74922,,,,
Icelandic Sheepdog,Iceland,64.963051,-19.020835,,,,
Indian pariah dog,India,20.593684,78.96288,,,,
Indian Spitz,India,20.593684,78.96288,,,,
Irish Red and White Setter,Ireland,53.41291,-8.24389,,,,
Irish Setter,Ireland,53.41291,-8.24389,,,,
Irish Terrier,Ireland,53.41291,-8.24389,,,,
Irish Water Spaniel,Ireland,53.41291,-8.24389,,,,
Irish Wolfhound,Ireland,53.41291,-8.24389,,,,
Istrian Coarse-haired Hound,Croatia,45.1,15.2,,,,
Istrian Short-haired Hound,Croatia,45.1,15.2,,,,
Italian Greyhound,Italy,41.87194,12.56738,,,,
Jack Russell Terrier,United Kingdom,55.378051,-3.435973,,,,
Jagdterrier,Germany,51.165691,10.451526,,,,
Japanese Chin,Japan,36.204824,138.252924,,,,
Japanese Spitz,Japan,36.204824,138.252924,,,,
Japanese Terrier,Japan,36.204824,138.252924,,,,
Jindo,South Korea,35.907757,127.766922,,,,
Jonangi,India,20.593684,78.96288,,,,
Kai Ken,Japan,36.204824,138.252924,,,,
Kaikadi dog,India,20.593684,78.96288,,,,
Kangal Shepherd Dog,Turkey,38.963745,35.243322,,,,
Kanni,India,20.593684,78.96288,,,,
Karakachan dog,Bulgaria,42.733883,25.48583,,,,
Karelian Bear Dog,Finland,61.92411,25.748151,,,,
Karst Shepherd,Slovenia,46.151241,14.995463,,,,
Keeshond,Germany,51.165691,10.451526,,,,
Keeshond,Netherlands,52.132633,5.291266,,,,
Kerry Beagle,Ireland,53.41291,-8.24389,,,,
Kerry Blue Terrier,Ireland,53.41291,-8.24389,,,,
King Charles Spaniel,United Kingdom,55.378051,-3.435973,,,,
King Shepherd,United States,37.09024,-95.712891,,,,
Kintamani,Indonesia,-0.789275,113.921327,,,,
Kishu Ken,Japan,36.204824,138.252924,,,,
Komondor,Hungary,47.162494,19.503304,,,,
Koolie,Australia,-25.274398,133.775136,,,,
Koyun dog,Turkey,38.963745,35.243322,,,,
Kromfohrländer,Germany,51.165691,10.451526,,,,
Kumaon Mastiff,India,20.593684,78.96288,,,,
Kunming Wolfdog,China,35.86166,104.195397,,,,
Kur?,New Zealand,-40.900557,174.885971,,,,
Kuvasz,Hungary,47.162494,19.503304,,,,
Kyi-Leo,United States,37.09024,-95.712891,,,,
Labrador Husky,Canada,56.130366,-106.346771,,,,
Labrador Retriever,United Kingdom,55.378051,-3.435973,,,,
Lagotto Romagnolo,Italy,41.87194,12.56738,,,,
Lakeland Terrier,United Kingdom,55.378051,-3.435973,,,,
Lancashire Heeler,United Kingdom,55.378051,-3.435973,,,,
Landseer,Canada,56.130366,-106.346771,,,,
Lapponian Herder,Finland,61.92411,25.748151,,,,
Lapponian Shepherd,Finland ,61.92411,25.748151,,,,
Leonberger,Germany,51.165691,10.451526,,,,
Lhasa Apso,Tibet,33.329499,88.216532,,,,
Lithuanian Hound,Lithuania,55.169438,23.881275,,,,
Louisiana Catahoula Leopard Dog,United States,37.09024,-95.712891,,,,
Löwchen,Germany,51.165691,10.451526,,,,
Mackenzie River husky,Canada,56.130366,-106.346771,,,,
Magyar agár,Hungary,47.162494,19.503304,,,,
Magyar agár,Romania,45.943161,24.96676,,,,
Mahratta Greyhound,India,20.593684,78.96288,,,,
Maltese,Italy,41.87194,12.56738,,,,
Manchester Terrier,United Kingdom,55.378051,-3.435973,,,,
Maremma Sheepdog,Italy,41.87194,12.56738,,,,
Marquesan Dog,Marquesas Islands (French Polynesia) ,,,,,,
McNab dog,United States,37.09024,-95.712891,,,,
Miniature American Shepherd,United States,37.09024,-95.712891,,,,
Miniature Bull Terrier,United Kingdom,55.378051,-3.435973,,,,
Miniature Fox Terrier,Australia,-25.274398,133.775136,,,,
Miniature Pinscher,Germany,51.165691,10.451526,,,,
Miniature Schnauzer,Germany,51.165691,10.451526,,,,
Miniature Shar Pei,China,35.86166,104.195397,,,,
Molossus,Greece,39.074208,21.824312,,,,
Molossus of Epirus,Greece,39.074208,21.824312,,,,
Montenegrin Mountain Hound,Montenegro,42.708678,19.37439,,,,
Moscow Watchdog,Russia,61.52401,105.318756,,,,
Moscow Water Dog,Russia,61.52401,105.318756,,,,
Mountain Cur,United States,37.09024,-95.712891,,,,
Mucuchies,Venezuela,6.42375,-66.58973,,,,
Mudhol Hound,India,20.593684,78.96288,,,,
Mudi,Hungary,47.162494,19.503304,,,,
"Münsterländer, Large",Germany,51.165691,10.451526,,,,
"Münsterländer, Small",Germany,51.165691,10.451526,,,,
Neapolitan Mastiff,Italy,41.87194,12.56738,,,,
Nederlandse Kooikerhondje,Netherlands,52.132633,5.291266,,,,
New Zealand Heading Dog,New Zealand,-40.900557,174.885971,,,,
Newfoundland,Canada,56.130366,-106.346771,,,,
Norfolk Spaniel,United Kingdom,55.378051,-3.435973,,,,
Norfolk Terrier,United Kingdom,55.378051,-3.435973,,,,
Norrbottenspets,Sweden,60.128161,18.643501,,,,
North Country Beagle,United Kingdom,55.378051,-3.435973,,,,
Northern Inuit Dog,United Kingdom,55.378051,-3.435973,,,,
Norwegian Buhund,Norway,60.472024,8.468946,,,,
Norwegian Elkhound,Norway,60.472024,8.468946,,,,
Norwegian Lundehund,Norway,60.472024,8.468946,,,,
Norwich Terrier,United Kingdom,55.378051,-3.435973,,,,
Nova Scotia Duck Tolling Retriever,Canada,56.130366,-106.346771,,,,
Old Croatian Sighthound,Croatia,45.1,15.2,,,,
Old Danish Pointer,Denmark,56.26392,9.501785,,,,
Old English Bulldog,United Kingdom,55.378051,-3.435973,,,,
Old English Sheepdog,United Kingdom,55.378051,-3.435973,,,,
Old English Terrier,United Kingdom,55.378051,-3.435973,,,,
Old German Shepherd Dog,Germany,51.165691,10.451526,,,,
Old Spanish Pointer,Spain,40.463667,-3.74922,,,,
Old Time Farm Shepherd,United States,37.09024,-95.712891,,,,
Olde English Bulldogge,United States,37.09024,-95.712891,,,,
Otterhound,United Kingdom,55.378051,-3.435973,,,,
Pachon Navarro,Spain,40.463667,-3.74922,,,,
Paisley Terrier,Scotland,57.167212,-4.301964,,,,
Pandikona,India,20.593684,78.96288,,,,
Papillon,Belgium,50.503887,4.469936,,,,
Papillon,Spain,40.463667,-3.74922,,,,
Parson Russell Terrier,United Kingdom,55.378051,-3.435973,,,,
Pastore della Lessinia e del Lagorai,Italy,41.87194,12.56738,,,,
Patterdale Terrier,United Kingdom,55.378051,-3.435973,,,,
Pekingese,China,35.86166,104.195397,,,,
Perro de Pastor Mallorquin,Spain,40.463667,-3.74922,,,,
Perro de Presa Canario,Spain,40.463667,-3.74922,,,,
Perro de Presa Mallorquin,Spain,40.463667,-3.74922,,,,
Peruvian Inca Orchid,Peru,-9.189967,-75.015152,,,,
Petit Basset Griffon Vendéen,France,46.227638,2.213749,,,,
Petit Bleu de Gascogne,France,46.227638,2.213749,,,,
Phalène,Belgium,50.503887,4.469936,,,,
Pharaoh Hound,Malta,35.937496,14.375416,,,,
Phu Quoc Ridgeback,Vietnam,14.058324,108.277199,,,,
Picardy Spaniel,France,46.227638,2.213749,,,,
Plott Hound,United States,37.09024,-95.712891,,,,
Plummer Terrier,United Kingdom,55.378051,-3.435973,,,,
Podenco Canario,Spain,40.463667,-3.74922,,,,
Poitevin,France,46.227638,2.213749,,,,
Polish Greyhound,Poland,51.919438,19.145136,,,,
Polish Hound,Poland,51.919438,19.145136,,,,
Polish Hunting Dog,Poland,51.919438,19.145136,,,,
Polish Lowland Sheepdog,Poland,51.919438,19.145136,,,,
Polish Tatra Sheepdog,Poland,51.919438,19.145136,,,,
Pomeranian,Germany,51.165691,10.451526,,,,
Pont-Audemer Spaniel,France,46.227638,2.213749,,,,
Poodle,France,46.227638,2.213749,,,,
Poodle,Germany,51.165691,10.451526,,,,
Porcelaine,France,46.227638,2.213749,,,,
Portuguese Podengo,Portugal,39.399872,-8.224454,,,,
Portuguese Pointer,Portugal,39.399872,-8.224454,,,,
Portuguese Water Dog,Portugal,39.399872,-8.224454,,,,
Posavac Hound,Croatia,45.1,15.2,,,,
Potsdam Greyhound,Italy,41.87194,12.56738,,,,
Pražský Krysa?ík,Czech Republic,49.817492,15.472962,,,,
Pudelpointer,Germany,51.165691,10.451526,,,,
Pug,China,35.86166,104.195397,,,,
Puli,Hungary,47.162494,19.503304,,,,
Pumi,Hungary,47.162494,19.503304,,,,
Pungsan dog,North Korea,40.339852,127.510093,,,,
Pyrenean Mastiff,Spain,40.463667,-3.74922,,,,
Pyrenean Shepherd,France,46.227638,2.213749,,,,
Rafeiro do Alentejo,Portugal,39.399872,-8.224454,,,,
Rajapalayam,India,20.593684,78.96288,,,,
Rampur Greyhound,India,20.593684,78.96288,,,,
Rastreador Brasileiro,Brazil,-14.235004,-51.92528,,,,
Rat Terrier,United States,37.09024,-95.712891,,,,
Ratonero Bodeguero Andaluz,Spain,40.463667,-3.74922,,,,
Ratonero Mallorquin,Spain,40.463667,-3.74922,,,,
Ratonero Murciano de Huerta,Spain,40.463667,-3.74922,,,,
Ratonero Valenciano,Spain,40.463667,-3.74922,,,,
Redbone Coonhound,United States,37.09024,-95.712891,,,,
Rhodesian Ridgeback,Zimbabwe,-19.015438,29.154857,,,,
Romanian Mioritic Shepherd Dog,Romania,45.943161,24.96676,,,,
Romanian Raven Shepherd Dog ,Romania ,45.943161,24.96676,,,,
Rottweiler,Germany,51.165691,10.451526,,,,
Russell Terrier,United Kingdom,55.378051,-3.435973,,,,
Russian Salon Dog,Russia,61.52401,105.318756,,,,
Russian Spaniel,Russia,61.52401,105.318756,,,,
Russian Toy,Russia,61.52401,105.318756,,,,
Russian Tracker,Russia,61.52401,105.318756,,,,
Russo-European Laika,Russia,61.52401,105.318756,,,,
Saarloos Wolfdog,Germany,51.165691,10.451526,,,,
Saarloos Wolfdog,Netherlands,52.132633,5.291266,,,,
Sabueso Español,Spain,40.463667,-3.74922,,,,
Sabueso fino Colombiano,Colombia,4.570868,-74.297333,,,,
Saint Bernard,Italy,41.87194,12.56738,,,,
Saint Bernard,Switzerland,46.818188,8.227512,,,,
Saint John's water dog,Canada,56.130366,-106.346771,,,,
Saint-Usuge Spaniel,France,46.227638,2.213749,,,,
Sakhalin Husky,Russia,61.52401,105.318756,,,,
Salish Wool Dog,Canada ,56.130366,-106.346771,,,,
Saluki,Middle East,29.733931,40.293571,,,,
Samoyed,Russia,61.52401,105.318756,,,,
Sapsali,Korea,38.140077,127.489685,,,,
Šarplaninac,Serbia,44.016521,21.005859,,,,
Schapendoes,Netherlands,52.132633,5.291266,,,,
Schillerstövare,Sweden,60.128161,18.643501,,,,
Schipperke,Belgium,50.503887,4.469936,,,,
Schweizer Laufhund,Switzerland,46.818188,8.227512,,,,
Schweizerischer Niederlaufhund,Switzerland,46.818188,8.227512,,,,
Scotch Collie,Scotland,57.167212,-4.301964,,,,
Scottish Deerhound,Scotland,57.167212,-4.301964,,,,
Scottish Terrier,Scotland,57.167212,-4.301964,,,,
Sealyham Terrier,Wales,-3.942049,52.256508,,,,
Segugio Italiano,Italy,41.87194,12.56738,,,,
Seppala Siberian Sleddog,Canada,56.130366,-106.346771,,,,
Serbian Hound,Serbia,44.016521,21.005859,,,,
Serbian Tricolour Hound,Serbia,44.016521,21.005859,,,,
Seskar Seal Dog,Finland,61.92411,25.748151,,,,
Shar Pei,China,35.86166,104.195397,,,,
Shetland Sheepdog,Scotland,57.167212,-4.301964,,,,
Shiba Inu,Japan,36.204824,138.252924,,,,
Shih Tzu,China,35.86166,104.195397,,,,
Shikoku,Japan,36.204824,138.252924,,,,
Shiloh Shepherd,United States,37.09024,-95.712891,,,,
Siberian Husky,Russia,61.52401,105.318756,,,,
Silken Windhound,United States,37.09024,-95.712891,,,,
Silky Terrier,Australia,-25.274398,133.775136,,,,
Sinhala Hound,Sri Lanka,7.873054,80.771797,,,,
Skye Terrier,Scotland,57.167212,-4.301964,,,,
Sloughi,Morocco,31.791702,-7.09262,,,,
Slovak Cuvac,Slovakia,48.669026,19.699024,,,,
Slovakian Wirehaired Pointer,Slovakia,48.669026,19.699024,,,,
Slovenský kopov,Slovakia,48.669026,19.699024,,,,
Smålandsstövare,Sweden,60.128161,18.643501,,,,
Small Greek Domestic Dog,Greece,39.074208,21.824312,,,,
Soft-Coated Wheaten Terrier,Ireland,53.41291,-8.24389,,,,
South Russian Ovcharka,Russia,61.52401,105.318756,,,,
Southern Hound,United Kingdom,55.378051,-3.435973,,,,
Spanish Mastiff,Spain,40.463667,-3.74922,,,,
Spanish Water Dog,Spain,40.463667,-3.74922,,,,
Spinone Italiano,Italy,41.87194,12.56738,,,,
Sporting Lucas Terrier,United Kingdom,55.378051,-3.435973,,,,
Stabyhoun,Netherlands,52.132633,5.291266,,,,
Staffordshire Bull Terrier,United Kingdom,55.378051,-3.435973,,,,
Standard Schnauzer,Germany,51.165691,10.451526,,,,
Stephens Cur,United States,37.09024,-95.712891,,,,
Styrian Coarse-haired Hound,Austria,47.516231,14.550072,,,,
Sussex Spaniel,United Kingdom,55.378051,-3.435973,,,,
Swedish Elkhound,Sweden,60.128161,18.643501,,,,
Swedish Lapphund,Sweden,60.128161,18.643501,,,,
Swedish Vallhund,Sweden,60.128161,18.643501,,,,
Tahitian Dog,Society Islands,-17.653845,-149.438739,,,,
Tahltan Bear Dog,Canada,56.130366,-106.346771,,,,
Taigan,Kyrgyzstan,41.20438,74.766098,,,,
Taiwan Dog,Taiwan,23.69781,120.960515,,,,
Talbot Hound,United Kingdom,55.378051,-3.435973,,,,
Tamaskan Dog,Finland,61.92411,25.748151,,,,
Teddy Roosevelt Terrier,United States,37.09024,-95.712891,,,,
Telomian,Malaysia,4.210484,101.975766,,,,
Tenterfield Terrier,Australia,-25.274398,133.775136,,,,
Terceira Mastiff,Portugal,39.399872,-8.224454,,,,
Thai Bangkaew Dog,Thailand,15.870032,100.992541,,,,
Thai Ridgeback,Thailand,15.870032,100.992541,,,,
Tibetan Mastiff,Tibet,33.329499,88.216532,,,,
Tibetan Spaniel,Tibet,33.329499,88.216532,,,,
Tibetan Terrier,Tibet,33.329499,88.216532,,,,
Tornjak,Bosnia and Herzegovina,43.915886,17.679076,,,,
Tosa,Japan,36.204824,138.252924,,,,
Toy Bulldog,United Kingdom,55.378051,-3.435973,,,,
Toy Fox Terrier,United States,37.09024,-95.712891,,,,
Toy Manchester Terrier,United States,37.09024,-95.712891,,,,
Toy Trawler Spaniel,United Kingdom,55.378051,-3.435973,,,,
Transylvanian Hound,Hungary,47.162494,19.503304,,,,
Treeing Cur,United States,37.09024,-95.712891,,,,
Treeing Tennessee Brindle,United States,37.09024,-95.712891,,,,
Treeing Walker Coonhound,United States,37.09024,-95.712891,,,,
Trigg Hound,United States,37.09024,-95.712891,,,,
Tweed Water Spaniel,Scotland,57.167212,-4.301964,,,,
Tyrolean Hound,Austria,47.516231,14.550072,,,,
Vanjari Hound,India,20.593684,78.96288,,,,
Villano de Las Encartaciones,Spain,40.463667,-3.74922,,,,
Villanuco de Las Encartaciones,Spain,40.463667,-3.74922,,,,
Vizsla,Hungary,47.162494,19.503304,,,,
Volpino Italiano,Italy,41.87194,12.56738,,,,
Weimaraner,Germany,51.165691,10.451526,,,,
"Welsh Corgi, Cardigan",Wales,-3.942049,52.256508,,,,
"Welsh Corgi, Pembroke",Wales,-3.942049,52.256508,,,,
"Welsh Corgi, Pembroke",Wales,-3.942049,52.256508,,,,
Welsh Sheepdog,Wales,-3.942049,52.256508,,,,
Welsh Sheepdog,Wales,-3.942049,52.256508,,,,
Welsh Springer Spaniel,Wales,-3.942049,52.256508,,,,
Welsh Springer Spaniel,Wales,-3.942049,52.256508,,,,
Welsh Terrier,Wales,-3.942049,52.256508,,,,
Welsh Terrier,Wales,-3.942049,52.256508,,,,
West Highland White Terrier,Scotland,57.167212,-4.301964,,,,
West Highland White Terrier,Scotland,57.167212,-4.301964,,,,
West Siberian Laika,Russia,61.52401,105.318756,,,,
West Siberian Laika,Russia,61.52401,105.318756,,,,
Westphalian Dachsbracke,Germany,51.165691,10.451526,,,,
Westphalian Dachsbracke,Germany,51.165691,10.451526,,,,
Wetterhoun,Netherlands,52.132633,5.291266,,,,
Wetterhoun,Netherlands,52.132633,5.291266,,,,
Whippet,United Kingdom,55.378051,-3.435973,,,,
Whippet,United Kingdom,55.378051,-3.435973,,,,
White Shepherd,United States,37.09024,-95.712891,,,,
White Shepherd,United States,37.09024,-95.712891,,,,
Wirehaired Pointing Griffon,France,46.227638,2.213749,,,,
Wirehaired Pointing Griffon,Netherlands,52.132633,5.291266,,,,
Wirehaired Vizsla,Hungary,47.162494,19.503304,,,,
Wirehaired Vizsla,Hungary,47.162494,19.503304,,,,
Xiasi Dog,China,35.86166,104.195397,,,,
Xoloitzcuintli,Mexico,23.634501,-102.552784,,,,
Yakutian Laika,Russia,61.52401,105.318756,,,,
Yorkshire Terrier,United Kingdom,55.378051,-3.435973,,,,
,,,,,,,
,,,,,,,
,,,,,,,
,,,,,,,
,,,,,,,
,,,,,,,
,,,,,,,
,,,,,,,
,,,,,,,
,,,,,,,
,,,,,,,
,,,,,,,
,,,,,,,
,,,,,,,
,,,,,,,
,,,,,,,
,,,,,,,
,,,,,,,
,,,,,,,
,,,,,,,
,,,,,,,
,,,,,,,
,,,,,,,
,,,,,,,
,,,,,,,
,,,,,,,
,,,,,,,
,,,,,,,
,,,,,,,
,,,,,,,
,,,,,,,
,,,,,,,
,,,,,,,
,,,,,,,
,,,,,,,
,,,,,,,
,,,,,,,
,,,,,,,
,,,,,,,
,,,,,,,
,,,,,,,
,,,,,,,
,,,,,,,
,,,,,,,
,,,,,,,
,,,,,,,
,,,,,,,
,,,,,,,
,,,,,,,
,,,,,,,
,,,,,,,
,,,,,,,
,,,,,,,
